<?xml version="1.0" encoding="UTF-8" standalone="yes"?>
<addon id="repository.evilkingrepository" name="Evil King Repository" version="1.4" provider-name="iPaderi">
	<extension point="xbmc.addon.repository" name="Evil King Repository">
		<info compressed="false">http://www.repository.evilking.it/Zips/addons.xml</info>
		<checksum>http://www.repository.evilking.it/Zips/addons.xml.md5</checksum>
		<datadir zip="true">http://www.repository.evilking.it/Zips/</datadir>
	</extension>
	<extension point="xbmc.addon.metadata">
		<summary>Evil King Official Repository</summary>
		<description>Repository ufficiale di Evil King</description>
<news>v1.4
- Correzione errore di battitura configurazione server
v1.3
- Migrazione nuovo server
v1.2
- Correzione descrizione Evil King Repository
v1.1
- Test auto aggiornamento: Nessuna modifica
v1.0
- Rilascio della Repository
</news>
		<platform>all</platform>
	</extension>
</addon>
