﻿<?xml version="1.0" encoding="UTF-8" standalone="yes"?>
<addon id="plugin.video.smytvshow"
    name="sMyTv Show"
    version="3.0.3"
    provider-name="sMyTvShow">
  <requires>
    <import addon="xbmc.python" version="2.1.0"/>
    <import addon="script.module.trakt" version="2.1.1~beta"/>
    <import addon="script.module.myconnpy" version="1.1.7"/>
  </requires>
  <extension point="xbmc.python.pluginsource" library="default.py">
    <provides>video</provides>
  </extension>
  <extension point="xbmc.service" library="service.py" start="login">
  </extension>
  <extension point="xbmc.addon.metadata">
    <summary lang="it">Le serie tv in italiano</summary>
    <description lang="it">Una libreria di serie tv in italiano recuperate dai siti web.</description>
    <summary lang="en">Italian TV Shows</summary>
    <description lang="en">Italian tv shows grabbed from web sites.</description>
    <disclaimer lang="it">L'autore non ospita o distribuisce alcun filmato riproducibile da questo addon. L'autore non ha alcuna affiliazione con i provider dei contenuti. Mantenendo abilitata l'opzione di condivisione de "le mie serie" con la comunità, si accetta automaticamente che vengono inviate a sMyTvShow solo le informazioni inerenti alle associazioni fatte tra serie e canali, e la visione dei filmati, senza tracciare alcuna informazione personale. Se ritenete che ciò possa violare in qualche modo la vostra privacy, potete disabilitare tale opzione rinunciando alle funzionalità inerenti la comunità.</disclaimer>
    <disclaimer lang="en">The author does not host or distribute any of the content displayed by this addon. The author does not have any affiliation with the content provider. Keeping enabled the last option in the main settings window, you accept that the information sent to sMyTvShow are the only ones related to the associations made between channels and tv shows and the views of the media item, without tracking any other personal information. If you believe that this information are a kind of privacy violation, you can disable this option; doing this you will not be able to use anymore any functionality connected to the community.</disclaimer>
    <forum>http://www.smytvshow.info/forums/</forum>
    <website>http://www.smytvshow.info/</website>
    <platform>all</platform>
  </extension>
</addon>
