<?xml version="1.0" encoding="UTF-8" standalone="yes"?>
<addon id="script.xindawn.airplay" name="XinDawn AirPlayServer" version="1.0.0" provider-name="XinDawn Team">
  <requires>
    <import addon="xbmc.python" version="2.7"/>
  </requires>
  <extension point="xbmc.service" library="xindawnairplaymain.py" start="login"></extension>
  <extension point="xbmc.addon.metadata">
    <summary>XinDawn AirPlayServer</summary>
    <description>This addon will add iOS9 and iOS6/7/8 Airplay and AirPlay Mirroring feature into XBMC/Kodi.</description>
    <platform>all</platform>
  </extension>
</addon>
