<?xml version="1.0" encoding="utf-8" standalone="yes"?>
<channel>
	<id>hdgratis</id>
	<name>HdGratis</name>

	<active>true</active>
	<adult>false</adult>
	<language>it</language>

	<fanart></fanart>
	<thumbnail>http://i.imgur.com/4mt0Df1.png</thumbnail>
	<bannermenu>http://i.imgur.com/4mt0Df1.png</bannermenu>

	<update_url>https://raw.githubusercontent.com/streamondemand/plugin.video.streamondemand/master/channels/</update_url>
	<version>10</version>
	<date>02/08/2016</date>
	<changes>fix host</changes>

	<categories>
        <category>movie</category>
        <category>vos</category>
	</categories>

	<settings>
		<id>include_in_global_search</id>
		<type>bool</type>
		<label>Includi ricerca globale</label>
		<default>true</default>
		<enabled>true</enabled>
		<visible>true</visible>
	</settings>
</channel>
