﻿<?xml version="1.0" encoding="UTF-8" standalone="yes"?>
<addon id="plugin.video.evilkingreload"
       name="[COLOR red]Evil[COLOR gold]King[/COLOR]"
       version="1.0.2B"
       provider-name="EVILKING Team">
  <requires>
    <import addon="xbmc.python" version="2.1.0"/>
    <import addon="script.module.beautifulsoup" version="3.2.1"/>
    <import addon="script.module.simple.downloader" version="0.9.4"/>
    <import addon="script.module.beautifulsoup4" />
    <import addon="script.module.requests" />
    <import addon="script.module.httplib2" />
    <import addon="script.module.youtube.dl" optional="true"/>
    <import addon="plugin.video.youtube" optional="true" />
    <import addon="script.module.urlresolver" optional="true"/>
    <import addon="script.module.simplejson" />
     <import addon="script.module.livestreamer" optional="true"/>
  </requires>
  <extension point="xbmc.python.pluginsource" library="default.py">
    <provides>video</provides>
  </extension>
  <extension point="xbmc.addon.metadata">
    <summary>EVILKING Team</summary>
    <description>
	[B][COLOR red]EVIL[COLOR gold]KING[I][COLOR red] l'add-on free per IPTV!!![/COLOR][/I][/B]
</description>
    <platform>all</platform>
  </extension>
</addon>
